abimanyu,Haji Nawi,Fatmawati,ZX4EGrLbzzaKC2BBfaf
abimanyu,Haji Nawi,Fatmawati,9i8RDTWvI139GgAwWWT
abimanyu,Lebak Bulus,Blok A,SYnx9tCTqE
abimanyu,Lebak Bulus,Blok M,L2RS2vdHeIHCpyvdMMc
abimanyu,Lebak Bulus,Blok M,ZmKhHjmUrMT1KxsNRyq
abimanyu,Lebak Bulus,Blok M,9Y9Wegpm0ZmEvWhXIsV
abimanyu,Lebak Bulus,Blok A,LLfAMpPtFcMbfnf11Kh
abimanyu,Blok M,Fatmawati,n22IepSvIgKUewcLey2
abimanyu,Lebak Bulus,Blok M,ZiH33yP4PtPqgfR06um
abimanyu,Lebak Bulus,Blok M,9hIwZfetF1gyRiLv38G
abimanyu,Lebak Bulus,Blok M,ZqeEknWCZJ9m8j701i5
abimanyu,Lebak Bulus,Sisingamangaraja,nWEd9tmbyQWP081RqaL
abimanyu,Blok A,Istora,uiy
abimanyu,Lebak Bulus,Blok M,nD7Id8EKhZMoFktesic
abimanyu,Lebak Bulus,Blok M,ufvUonGDa5amZrTSvWZ
abimanyu,Lebak Bulus,Blok M,n6waGTG9U0Ih2jPbSV0
abimanyu,Lebak Bulus,Blok M,L05Xv48j7DZmMWLBSr4
abimanyu,Lebak Bulus,Blok M,94MYh8zLiJpnisGxnW9
abimanyu,Lebak Bulus,Blok M,2a08h23wHKwFznGe2V6
abimanyu,Lebak Bulus,Blok A,9zuw4apUqLDQMRFsMEg
abimanyu,Blok M,Lebak Bulus,2VqGpJ
abimanyu,Blok A,Lebak Bulus,ENfkOAc4OMWcj6D7iyG
abimanyu,Haji Nawi,Blok M,uxgZUAsyKQ5o5EBi9CC
abimanyu,Blok A,Lebak Bulus,S9kmRn4IeRWc9uAT192
abimanyu,Lebak Bulus,Blok M,nM8cLdeIezJxCHijjO
abimanyu,Lebak Bulus,Senayan,ZSdjJRkSp1Yrk9i7AM5
abimanyu,Lebak Bulus,Sisingamangaraja,9RTq7JhFb82mcJcEw24H
abimanyu,Lebak Bulus,Blok A,LccqIXLQkRtDtl6pmENX
abimanyu,Lebak Bulus, ,gnXl7DeTn2xpusnJOFLP
aldi,Lebak Bulus,Bundaran HI,n2LNRMan7cqlDXTTpMFh
